plot,geno,trt,value
1,1,10,
1,1,20,12
1,2,10,
1,2,20,8
2,1,10,6
2,1,20,12
2,2,10,2
2,2,20,8
3,1,10,2
3,1,20,12
3,2,10,2
3,2,20,8
4,1,10,2
4,1,13.333,3
4,1,16.66667,4
4,1,20,12
4,2,10,2
4,2,20,8
4,2,13.333,6
4,2,16.66667,7